"","census","SDM_alpha","SR","DC","AI"
"Clark & Evans Competition Index",1,0.855,307,8.87430429847612,0.994113306939047
"Clark & Evans Competition Index1",2,0.862,307,9.19485948173559,0.977072765724376
"Clark & Evans Competition Index2",3,0.88,307,7.99517826779046,0.977898387975148
"Clark & Evans Competition Index3",4,0.923,306,7.24483263929937,0.977372778986234
"Clark & Evans Competition Index4",5,0.917,304,6.79435606806813,0.970640438069078
"Clark & Evans Competition Index5",6,0.891,301,6.32395973313786,0.969441779661619
"Clark & Evans Competition Index6",7,0.858,298,6.56784359964351,0.964684881410959
"Clark & Evans Competition Index7",8,0.856,297,6.56979734149358,0.963557131616414
